insert into kriteria(kode_kriteria,nama_kriteria,atribut_kriteria,bobot_kriteria)VALUES('C1','Harga','Cost',25)
insert into kriteria(kode_kriteria,nama_kriteria,atribut_kriteria,bobot_kriteria)VALUES('C2','Fasilitas Kamar','Benefit',25)
insert into kriteria(kode_kriteria,nama_kriteria,atribut_kriteria,bobot_kriteria)VALUES('C3','Fasillitas K.Mandi','Benefit',25)
insert into kriteria(kode_kriteria,nama_kriteria,atribut_kriteria,bobot_kriteria)VALUES('C4','Fasilitas Umum','Benefit',25)

insert into crip(kode_kriteria,nama_crip,nilai_crip)VALUES('C1','<= Rp 500.000',20);
insert into crip(kode_kriteria,nama_crip,nilai_crip)VALUES('C1','<= Rp 1.000.000',40);
insert into crip(kode_kriteria,nama_crip,nilai_crip)VALUES('C1','<= Rp 1.500.000',60);
insert into crip(kode_kriteria,nama_crip,nilai_crip)VALUES('C1','<= Rp 2.000.000',80);
insert into crip(kode_kriteria,nama_crip,nilai_crip)VALUES('C1','> Rp 2.000.000',100);
insert into crip(kode_kriteria,nama_crip,nilai_crip)VALUES('C2','<= 3x3 meter',20);
insert into crip(kode_kriteria,nama_crip,nilai_crip)VALUES('C2','<= 4x4 meter',40);
insert into crip(kode_kriteria,nama_crip,nilai_crip)VALUES('C2','<= 5x5 meter',60);
insert into crip(kode_kriteria,nama_crip,nilai_crip)VALUES('C2','<= 6x6 meter',80);
insert into crip(kode_kriteria,nama_crip,nilai_crip)VALUES('C2','> 6x6 meter',100);
insert into crip(kode_kriteria,nama_crip,nilai_crip)VALUES('C3','Kosongan',20);
insert into crip(kode_kriteria,nama_crip,nilai_crip)VALUES('C3','Kasur',40);
insert into crip(kode_kriteria,nama_crip,nilai_crip)VALUES('C3','Kasur, Lemari Baju',60);
insert into crip(kode_kriteria,nama_crip,nilai_crip)VALUES('C3','Kasur, Lemari Baju, AC',80);
insert into crip(kode_kriteria,nama_crip,nilai_crip)VALUES('C3','Kasur, Lemari Baju, AC, TV',100);
insert into crip(kode_kriteria,nama_crip,nilai_crip)VALUES('C4','Luar',20);
insert into crip(kode_kriteria,nama_crip,nilai_crip)VALUES('C4','Dalam',40);
insert into crip(kode_kriteria,nama_crip,nilai_crip)VALUES('C4','Dalam, Wastafel',60);
insert into crip(kode_kriteria,nama_crip,nilai_crip)VALUES('C4','Dalam, Water Heater',80);
insert into crip(kode_kriteria,nama_crip,nilai_crip)VALUES('C4','Dalam, Wastafel, Water Heater, Ember Mandi',100);
insert into crip(kode_kriteria,nama_crip,nilai_crip)VALUES('C5','Tidak termasuk listrik',20);
insert into crip(kode_kriteria,nama_crip,nilai_crip)VALUES('C5','Listrik',40);
insert into crip(kode_kriteria,nama_crip,nilai_crip)VALUES('C5','Listrik, Wifi',60);
insert into crip(kode_kriteria,nama_crip,nilai_crip)VALUES('C5','Listrik, Wifi, Penjaga Kos',80);
insert into crip(kode_kriteria,nama_crip,nilai_crip)VALUES('C5','Listrik, Wifi, Penjaga Kos, Ruang tamu',100);

insert into alternatif(kode_alternatif,nama_alternatif,tipe_alternatif)VALUES('A1','Kost Singgahsini Graha Nismara Tipe B Yogyakarta','Campur');
insert into alternatif(kode_alternatif,nama_alternatif,tipe_alternatif)VALUES('A2','Kost Singgahsini Putri Danish Tipe B Gejayan Yogyakarta 709SI','Putri');
insert into alternatif(kode_alternatif,nama_alternatif,tipe_alternatif)VALUES('A3','Kost Apik Roemah Aisyah Tipe A Yogyakarta 7M3TC3Y9','Putri');
insert into alternatif(kode_alternatif,nama_alternatif,tipe_alternatif)VALUES('A4','Kost Singgahsini Cozy Sawitsari 6 Tipe A Condongcatur Yogyakarta 6NNGS708','Putra');
insert into alternatif(kode_alternatif,nama_alternatif,tipe_alternatif)VALUES('A5','Kost Singgahsini Kurnia Tipe A Gejayan Yogyakarta 659712SK','Putri');
insert into alternatif(kode_alternatif,nama_alternatif,tipe_alternatif)VALUES('A6','Kost Singgahsini Rahayu Tipe A Condongcatur Yogyakarta 584SB','Putri');
insert into alternatif(kode_alternatif,nama_alternatif,tipe_alternatif)VALUES('A7','Kost Cantik 89 Tipe Standar Depok Sleman 723CA','Putri');
insert into alternatif(kode_alternatif,nama_alternatif,tipe_alternatif)VALUES('A8','Kost Nusantara Tipe AA Depok Sleman MTE97A50','Putra');
insert into alternatif(kode_alternatif,nama_alternatif,tipe_alternatif)VALUES('A9','Kost Concat Depok Sleman 0Y64SF5W','Putra');
insert into alternatif(kode_alternatif,nama_alternatif,tipe_alternatif)VALUES('A10','Kost Wisma Adhi Depok Sleman U50TXS52','Putra');
insert into alternatif(kode_alternatif,nama_alternatif,tipe_alternatif)VALUES('A11','Kost Apik Gumuk Indah A 10 Tipe A Yogyakarta 19MJ1YY0','Putri');
insert into alternatif(kode_alternatif,nama_alternatif,tipe_alternatif)VALUES('A12','Kost Apik Gumuk Indah A 10 Tipe B Yogyakarta UG23B38C','Putri');
insert into alternatif(kode_alternatif,nama_alternatif,tipe_alternatif)VALUES('A13','Kost Farhan Tipe B Ngaglik Sleman 3KB1LA95','Putra');
insert into alternatif(kode_alternatif,nama_alternatif,tipe_alternatif)VALUES('A14','Kost Ibu Rizki Lempongsari Tipe A Ngaglik Sleman RRF066V8','Campur');
insert into alternatif(kode_alternatif,nama_alternatif,tipe_alternatif)VALUES('A15','Kost Kampus 17 Tipe B Depok Sleman AK28CD32','Putra');
insert into alternatif(kode_alternatif,nama_alternatif,tipe_alternatif)VALUES('A16','Kost Fina Barokah Kasihan Bantul 598GV','Putra');
insert into alternatif(kode_alternatif,nama_alternatif,tipe_alternatif)VALUES('A17','Kost Bu Ismi Sonopakis Kasihan Bantul 3J4U5Z5Y','Putri');
insert into alternatif(kode_alternatif,nama_alternatif,tipe_alternatif)VALUES('A18','Kost Bu Ismi Kasihan Bantul 938BI','Putri');
insert into alternatif(kode_alternatif,nama_alternatif,tipe_alternatif)VALUES('A19','Kost Jetis Pasiraman Yogyakarta 185MD','Putri');
insert into alternatif(kode_alternatif,nama_alternatif,tipe_alternatif)VALUES('A20','Kost Malioboro Anggrek Gondomanan Yogyakarta 849JR','Campur');
insert into alternatif(kode_alternatif,nama_alternatif,tipe_alternatif)VALUES('A21','Kost Mbak Wiwik Jetis Yogyakarta X8V3HN89','Putra');
insert into alternatif(kode_alternatif,nama_alternatif,tipe_alternatif)VALUES('A22','Kost Pak Rismanto Mlati Sleman 642157MM','Putri');
insert into alternatif(kode_alternatif,nama_alternatif,tipe_alternatif)VALUES('A23','Kost Ibu Bidan Tipe A Wirobrajan Yogyakarta 235TZ','Putra');
insert into alternatif(kode_alternatif,nama_alternatif,tipe_alternatif)VALUES('A24','Kost Dian Ardian Kasihan Bantul 952DA','Putra');
insert into alternatif(kode_alternatif,nama_alternatif,tipe_alternatif)VALUES('A25','Kost Griya Kelana Pakualaman Yogyakarta KSFJ9909','Putri');
insert into alternatif(kode_alternatif,nama_alternatif,tipe_alternatif)VALUES('A26','Kost Mumtaz Syariah 1 Umbulharjo Yogyakarta 475MM','Putri');
insert into alternatif(kode_alternatif,nama_alternatif,tipe_alternatif)VALUES('A27','Kost Furusato Mlati Sleman 622US9JC','Putra');
insert into alternatif(kode_alternatif,nama_alternatif,tipe_alternatif)VALUES('A28','Kost Ibu Dewi Tipe A Depok Sleman 152837ID','Putri');
insert into alternatif(kode_alternatif,nama_alternatif,tipe_alternatif)VALUES('A29','Kost Putri Fatimah Gamping Sleman 491283PF','Putri');
insert into alternatif(kode_alternatif,nama_alternatif,tipe_alternatif)VALUES('A30','Kost Singgahsini Griya Pastika D2 Tipe A Pogung Kidul Yogyakarta 854SI','Putri');
insert into alternatif(kode_alternatif,nama_alternatif,tipe_alternatif)VALUES('A31','Kost Singgahsini Kataji Tipe A Sinduadi Yogyakarta 765821SK','Putri');
insert into alternatif(kode_alternatif,nama_alternatif,tipe_alternatif)VALUES('A32','Kost Homie Syariah 2 Tipe A Mergangsan Yogyakarta V28D4S9F','Putri');
insert into alternatif(kode_alternatif,nama_alternatif,tipe_alternatif)VALUES('A33','Kost Singgahsini Kawan Seiring UGM Tipe B Yogyakarta NQ2C350K','Putra');
insert into alternatif(kode_alternatif,nama_alternatif,tipe_alternatif)VALUES('A34','Kost Singgahsini Pandega Padma Tipe B Yogyakarta J59SHA60','Putri');
insert into alternatif(kode_alternatif,nama_alternatif,tipe_alternatif)VALUES('A35','Kost Singgahsini Rolas Garden Tipe A Condongcatur Yogyakarta 92HF77JE','Putra');
insert into alternatif(kode_alternatif,nama_alternatif,tipe_alternatif)VALUES('A36','Kost Singgahsini Kataji Tipe A Sinduadi Yogyakarta 765821SK','Putri');
insert into alternatif(kode_alternatif,nama_alternatif,tipe_alternatif)VALUES('A37','Kost Singgahsini Gloria Monjali Tipe B Yogyakarta CJ851J3U','Putri');
insert into alternatif(kode_alternatif,nama_alternatif,tipe_alternatif)VALUES('A38','Kost Singgahsini Omah Aqila UNY Tipe A Yogyakarta 67W2N9BD','Campur');
insert into alternatif(kode_alternatif,nama_alternatif,tipe_alternatif)VALUES('A39','Kost Singgahsini Isma Tipe A Tegalrejo Yogyakarta 314567SI','Putri');
insert into alternatif(kode_alternatif,nama_alternatif,tipe_alternatif)VALUES('A40','Kost Singgahsini Gloria Monjali Tipe A Yogyakarta V300QA2K','Putri');
insert into alternatif(kode_alternatif,nama_alternatif,tipe_alternatif)VALUES('A41','Kost Singgahsini Ratna Dr Wahidin Tipe A Klitren Yogyakarta C0W55EZ2','Putri');
insert into alternatif(kode_alternatif,nama_alternatif,tipe_alternatif)VALUES('A42','Kost Singgahsini Ratna Dr Wahidin Tipe B Klitren Yogyakarta 21AR6BC1','Putri');
insert into alternatif(kode_alternatif,nama_alternatif,tipe_alternatif)VALUES('A43','Kost Singgahsini Sakura Karanggayam Sleman Yogyakarta 596781SS','Putri');
insert into alternatif(kode_alternatif,nama_alternatif,tipe_alternatif)VALUES('A44','Kost Singgahsini Kataji Tipe B Sinduadi Yogyakarta 765821SI','Putri');
insert into alternatif(kode_alternatif,nama_alternatif,tipe_alternatif)VALUES('A45','Kost Singgahsini Rumah Presisi Jogja City Mall Tipe B Yogyakarta XFQ814H1','Campur');
insert into alternatif(kode_alternatif,nama_alternatif,tipe_alternatif)VALUES('A46','Kost Singgahsini Rumah Presisi Jogja City Mall Tipe A Yogyakarta X8D7B9M2','Campur');
insert into alternatif(kode_alternatif,nama_alternatif,tipe_alternatif)VALUES('A47','Kost Rukoen Tipe Vip Tegalrejo Yogyakarta 74QQ6D0B','Putri');
insert into alternatif(kode_alternatif,nama_alternatif,tipe_alternatif)VALUES('A48','Kost Nabiila Rizky Tipe B Jetis Yogyakarta 849623NR','Putri');
insert into alternatif(kode_alternatif,nama_alternatif,tipe_alternatif)VALUES('A49','Kost Shamila Pogung Kidul Mlati Sleman 291BP','Putri');
insert into alternatif(kode_alternatif,nama_alternatif,tipe_alternatif)VALUES('A50','Kost The Basic Tipe Deluxe Depok Sleman J64ZKL55','Putri');

insert into nilai(kode_alternatif,kode_kriteria)VALUES('A4','C1');
insert into nilai(kode_alternatif,kode_kriteria)VALUES('A4','C2');
insert into nilai(kode_alternatif,kode_kriteria)VALUES('A4','C3');
insert into nilai(kode_alternatif,kode_kriteria)VALUES('A4','C4');
insert into nilai(kode_alternatif,kode_kriteria)VALUES('A4','C5');
